{"cameraMode":{"drawMode":0,"name":"Shaded","section":"Shading Mode"},"sceneLighting":false,"audioPlay":false,"sceneViewState":{"showFog":true,"showMaterialUpdate":false,"showSkybox":false,"showFlares":true,"showImageEffects":true,"showParticleSystems":true},"in2DMode":false,"pivot":{"x":-0.00003522634506225586,"y":1.3733031749725342,"z":0.0},"rotation":{"x":-0.06974467635154724,"y":-0.9302177429199219,"z":0.2502589523792267,"w":-0.25924965739250185},"size":3.5163280963897707,"orthographic":false}